Tool / Dataset	Manakov test set	Manakov leftout	Hejret new test set	Klimentova new test set	Dataset Size
CNN_Manakov_subset_100	0.4841131007	0.4853891666	0.4866649963	0.4723581146	200
CNN_Manakov_subset_1k	0.6587087149	0.6357192554	0.6728260659	0.6595460738	2000
CNN_Manakov_subset_3860	0.7981400789	0.7898734789	0.8032818015	0.7829550068	7720
CNN_Manakov_subset_4084	0.8058150341	0.7996801468	0.82686662	0.7809297635	8168
CNN_Manakov_subset_10k	0.8171800229	0.7953110614	0.825899309	0.7879446041	20000
CNN_Manakov_subset_100k	0.8309704184	0.8025881732	0.8386954501	0.805734527	200000
CNN_Manakov_full	0.8412413013	0.8060270188	0.8418926365	0.8425910179	2516195