cutoff	file	n_sequences	n_clusters	mean_cluster_size	median_cluster_size	min_cluster_size	max_cluster_size	n_singletons	singleton_fraction	largest_cluster_fraction
0.01	clusters_cutoff_0p01.csv	10010	8825	1.1342776203966005	1.0	1	14	8071	0.9145609065155808	0.0013986013986013986
0.02	clusters_cutoff_0p02.csv	10010	8819	1.135049325320331	1.0	1	14	8063	0.9142759950107722	0.0013986013986013986
0.05	clusters_cutoff_0p05.csv	10010	8817	1.1353067936940002	1.0	1	14	8061	0.9142565498468866	0.0013986013986013986
0.1	clusters_cutoff_0p1.csv	10010	8809	1.1363378363037802	1.0	1	14	8048	0.9136110795777046	0.0013986013986013986
0.15	clusters_cutoff_0p15.csv	10010	8783	1.1397016964590687	1.0	1	14	8002	0.9110782192872595	0.0013986013986013986
0.2	clusters_cutoff_0p2.csv	10010	8677	1.1536245246052783	1.0	1	14	7801	0.8990434481963813	0.0013986013986013986
0.25	clusters_cutoff_0p25.csv	10010	8023	1.2476629689642278	1.0	1	14	6608	0.8236320578337281	0.0013986013986013986
0.3	clusters_cutoff_0p3.csv	10010	4723	2.119415625661656	2.0	1	12	2040	0.4319288587762016	0.0011988011988011988
