n_rows	n_unique_clusters_total	n_blocks	mean_block_size	median_block_size	mean_positive_clusters_per_block	median_positive_clusters_per_block	mean_allowed_clusters_per_block	median_allowed_clusters_per_block	mean_available_negative_clusters	median_available_negative_clusters	min_available_negative_clusters	mean_slack	median_slack	min_slack	n_failing_blocks	failing_block_labels	failure_fraction	cutoff	file
10027	8825	235	42.66808510638298	4.0	38.48085106382979	4.0	8786.51914893617	8821.0	8786.51914893617	8821.0	6863	8743.851063829787	8817.0	4456	0	[]	0.0	0.01	clusters_cutoff_0p01.csv
10027	8819	235	42.66808510638298	4.0	38.45957446808511	4.0	8780.540425531915	8815.0	8780.540425531915	8815.0	6858	8737.872340425532	8811.0	4451	0	[]	0.0	0.02	clusters_cutoff_0p02.csv
10027	8817	235	42.66808510638298	4.0	38.45531914893617	4.0	8778.544680851064	8813.0	8778.544680851064	8813.0	6857	8735.876595744681	8809.0	4450	0	[]	0.0	0.05	clusters_cutoff_0p05.csv
10027	8809	235	42.66808510638298	4.0	38.42978723404255	4.0	8770.570212765957	8805.0	8770.570212765957	8805.0	6851	8727.902127659574	8801.0	4444	0	[]	0.0	0.1	clusters_cutoff_0p1.csv
10027	8783	235	42.66808510638298	4.0	38.37872340425532	4.0	8744.621276595744	8779.0	8744.621276595744	8779.0	6830	8701.953191489361	8775.0	4423	0	[]	0.0	0.15	clusters_cutoff_0p15.csv
10027	8677	235	42.66808510638298	4.0	38.33191489361702	4.0	8638.668085106383	8673.0	8638.668085106383	8673.0	6735	8596.0	8669.0	4328	0	[]	0.0	0.2	clusters_cutoff_0p2.csv
10027	8023	235	42.66808510638298	4.0	37.82127659574468	4.0	7985.178723404255	8019.0	7985.178723404255	8019.0	6158	7942.510638297872	8015.0	3751	0	[]	0.0	0.25	clusters_cutoff_0p25.csv
10027	4723	235	42.66808510638298	4.0	35.817021276595746	4.0	4687.182978723405	4719.0	4687.182978723405	4719.0	3115	4644.514893617022	4715.0	708	0	[]	0.0	0.3	clusters_cutoff_0p3.csv
