n_rows	n_unique_clusters_total	n_blocks	mean_block_size	median_block_size	mean_positive_clusters_per_block	median_positive_clusters_per_block	mean_allowed_clusters_per_block	median_allowed_clusters_per_block	mean_available_negative_clusters	median_available_negative_clusters	min_available_negative_clusters	mean_slack	median_slack	min_slack	n_failing_blocks	failure_fraction	cutoff	file
4579	4237	289	15.844290657439446	1.0	15.273356401384083	1.0	4221.726643598616	4236.0	4221.726643598616	4236.0	3857	4205.882352941177	4235.0	3450	0	0.0	0.01	clusters_cutoff_0p01.csv
4579	4244	289	15.844290657439446	1.0	15.280276816608996	1.0	4228.719723183391	4243.0	4228.719723183391	4243.0	3866	4212.8754325259515	4242.0	3459	0	0.0	0.02	clusters_cutoff_0p02.csv
4579	4218	289	15.844290657439446	1.0	15.221453287197232	1.0	4202.778546712802	4217.0	4202.778546712802	4217.0	3840	4186.934256055363	4216.0	3433	0	0.0	0.05	clusters_cutoff_0p05.csv
4579	4187	289	15.844290657439446	1.0	15.131487889273357	1.0	4171.868512110726	4186.0	4171.868512110726	4186.0	3813	4156.024221453287	4185.0	3406	0	0.0	0.1	clusters_cutoff_0p1.csv
4579	4151	289	15.844290657439446	1.0	15.04152249134948	1.0	4135.9584775086505	4150.0	4135.9584775086505	4150.0	3781	4120.114186851211	4149.0	3374	0	0.0	0.15	clusters_cutoff_0p15.csv
4579	4085	289	15.844290657439446	1.0	14.982698961937716	1.0	4070.017301038062	4084.0	4070.017301038062	4084.0	3717	4054.173010380623	4083.0	3310	0	0.0	0.2	clusters_cutoff_0p2.csv
4579	3836	289	15.844290657439446	1.0	14.844290657439446	1.0	3821.1557093425604	3835.0	3821.1557093425604	3835.0	3470	3805.311418685121	3834.0	3063	0	0.0	0.25	clusters_cutoff_0p25.csv
4579	2914	289	15.844290657439446	1.0	14.515570934256056	1.0	2899.484429065744	2913.0	2899.484429065744	2913.0	2567	2883.6401384083047	2912.0	2160	0	0.0	0.3	clusters_cutoff_0p3.csv
