cutoff	file	n_sequences	n_clusters	mean_cluster_size	median_cluster_size	min_cluster_size	max_cluster_size	n_singletons	singleton_fraction	largest_cluster_fraction
0.01	clusters_cutoff_0p01.csv	4418	4237	1.0427189048855323	1.0	1	6	4087	0.9645975926362993	0.001358080579447714
0.02	clusters_cutoff_0p02.csv	4418	4244	1.040999057492931	1.0	1	7	4101	0.9663053722902922	0.0015844273426889996
0.05	clusters_cutoff_0p05.csv	4418	4218	1.047415836889521	1.0	1	7	4058	0.9620673304883831	0.0015844273426889996
0.1	clusters_cutoff_0p1.csv	4418	4187	1.0551707666587056	1.0	1	9	4016	0.959159302603296	0.002037120869171571
0.15	clusters_cutoff_0p15.csv	4418	4151	1.0643218501565888	1.0	1	20	3967	0.9556733317272946	0.004526935264825713
0.2	clusters_cutoff_0p2.csv	4418	4085	1.0815177478580171	1.0	1	18	3847	0.9417380660954713	0.004074241738343142
0.25	clusters_cutoff_0p25.csv	4418	3836	1.1517205422314911	1.0	1	20	3398	0.8858185610010427	0.004526935264825713
0.3	clusters_cutoff_0p3.csv	4418	2914	1.5161290322580645	1.0	1	17	1880	0.6451612903225806	0.003847894975101856
