Feature	Count	Percentage
three_prime_utr	1763	41.75746091899574
intron	1164	27.5698720985315
exon	1089	25.793462813832306
five_prime_utr	241	5.708195168166745
