	Manakov2022	Hejret2023	Klimentova2022
Manakov2022	1.0	0.5438409960195218	0.9368264861548156
Hejret2023	0.5438409960195218	1.0	0.540961898346253
Klimentova2022	0.9368264861548156	0.540961898346253	1.0
