	Manakov2022	Hejret2023	Klimentova2022
Manakov2022	1.0	0.544583787200508	0.9368274432456517
Hejret2023	0.544583787200508	1.0	0.5417633918365132
Klimentova2022	0.9368274432456517	0.5417633918365132	1.0
