	Manakov2022	Hejret2023	Klimentova2022
Manakov2022	1.0	0.5445837872005078	0.9368274432456538
Hejret2023	0.5445837872005078	1.0	0.5417633918365138
Klimentova2022	0.9368274432456538	0.5417633918365138	1.0
