	Manakov22	Hejret23	Klimentova22
Manakov22	1.0	0.5276404893439273	0.9121212682876465
Hejret23	0.5276404893439273	1.0	0.5699229742359939
Klimentova22	0.9121212682876465	0.5699229742359939	1.0
