Dataset	five_prime_utr	three_prime_utr	intron	exon	Unknown
Manakov2022.tsv	6.227403789737199	41.36719994188548	28.752298038076184	18.691990254642178	4.961107975658957
Hejret2023.tsv	3.166630268617602	36.55820048045425	19.021620441144353	31.841013321685956	9.412535488097838
Klimentova2022.tsv	6.918238993710692	23.270440251572328	25.157232704402517	36.897274633123686	7.756813417190776
