Dataset	five_prime_utr	three_prime_utr	intron	exon	Unknown
Manakov2022.tsv	6.227539640243098	41.366665525822995	28.75226393441592	18.692118190472932	4.961412709045051
Hejret2023.tsv	3.163866463015492	36.548112590006546	19.026838315513857	31.813222779838533	9.447959851625573
Klimentova2022.tsv	6.918238993710692	23.270440251572328	25.157232704402517	36.897274633123686	7.756813417190776
