	Manakov2022	Hejret2023	Klimentova2022
Manakov2022	1.0	0.5617632909537464	0.46570499872396337
Hejret2023	0.5617632909537464	1.0	0.2816641479074301
Klimentova2022	0.46570499872396337	0.2816641479074301	1.0
