n_rows	n_unique_clusters_total	n_blocks	mean_block_size	median_block_size	mean_positive_clusters_per_block	median_positive_clusters_per_block	mean_allowed_clusters_per_block	median_allowed_clusters_per_block	mean_available_negative_clusters	median_available_negative_clusters	min_available_negative_clusters	mean_slack	median_slack	min_slack	n_failing_blocks	failing_block_labels	failure_fraction	cutoff	file
1421662	586021	869	1635.9746835443038	4.0	1039.0080552359034	3.0	584981.991944764	586018.0	584981.991944764	586018.0	399036	583346.0172612198	586013.0	-1400	1	['mir-17']	0.0011507479861910242	0.01	clusters_cutoff_0p01.csv
1421662	585509	869	1635.9746835443038	4.0	1038.4200230149597	3.0	584470.579976985	585506.0	584470.579976985	585506.0	398803	582834.6052934407	585501.0	-1633	1	['mir-17']	0.0011507479861910242	0.02	clusters_cutoff_0p02.csv
1421662	578177	869	1635.9746835443038	4.0	1032.1334867663982	3.0	577144.8665132336	578174.0	577144.8665132336	578174.0	394451	575508.8918296893	578169.0	-5985	1	['mir-17']	0.0011507479861910242	0.05	clusters_cutoff_0p05.csv
1421662	569758	869	1635.9746835443038	4.0	1026.4499424626008	3.0	568731.5500575374	569755.0	568731.5500575374	569755.0	388627	567095.5753739931	569751.0	-11809	1	['mir-17']	0.0011507479861910242	0.1	clusters_cutoff_0p1.csv
1421662	550760	869	1635.9746835443038	4.0	1021.9010356731876	3.0	549738.0989643268	550757.0	549738.0989643268	550757.0	372182	548102.1242807825	550752.0	-28254	1	['mir-17']	0.0011507479861910242	0.15	clusters_cutoff_0p15.csv
1421662	478856	869	1635.9746835443038	4.0	1021.4257767548906	3.0	477834.5742232451	478853.0	477834.5742232451	478853.0	305085	476198.5995397008	478848.0	-95351	1	['mir-17']	0.0011507479861910242	0.2	clusters_cutoff_0p2.csv
1421662	299993	869	1635.9746835443038	4.0	1000.9056386651323	4.0	298992.09436133486	299989.0	298992.09436133486	299989.0	149090	297356.11967779056	299985.0	-251346	1	['mir-17']	0.0011507479861910242	0.25	clusters_cutoff_0p25.csv
1421662	119798	869	1635.9746835443038	4.0	857.4464902186421	4.0	118940.55350978136	119794.0	118940.55350978136	119794.0	29117	117304.57882623705	119790.0	-371319	4	['mir-17', 'mir-25', 'mir-15', 'mir-19']	0.004602991944764097	0.3	clusters_cutoff_0p3.csv
