cutoff	file	n_sequences	n_clusters	mean_cluster_size	median_cluster_size	min_cluster_size	max_cluster_size	n_singletons	singleton_fraction	largest_cluster_fraction
0.01	clusters_cutoff_0p01.csv	1262624	586021	2.1545712525660345	1.0	1	49	368689	0.6291395700836659	3.880806954406062e-05
0.02	clusters_cutoff_0p02.csv	1262624	585509	2.156455323487769	1.0	1	56	368358	0.6291244028699815	4.435207947892643e-05
0.05	clusters_cutoff_0p05.csv	1262624	578177	2.18380184614746	1.0	1	79	360668	0.6238020536963594	6.256811212205692e-05
0.1	clusters_cutoff_0p1.csv	1262624	569758	2.2160706826407	1.0	1	118	351474	0.6168829573257418	9.34561674734521e-05
0.15	clusters_cutoff_0p15.csv	1262624	550760	2.292512165008352	1.0	1	579	324677	0.5895072263780957	0.00045856882175532857
0.2	clusters_cutoff_0p2.csv	1262624	478856	2.636750923033229	2.0	1	404	220921	0.46135163807073526	0.0003199685733836835
0.25	clusters_cutoff_0p25.csv	1262624	299993	4.208844873047037	3.0	1	511	58738	0.19579790195104552	0.0004047127252452036
0.3	clusters_cutoff_0p3.csv	1262624	119798	10.539608340706856	8.0	1	671	3729	0.03112739778627356	0.0005314329523278506
