Dataset	Seed6mer_count	Seed7mer_count	Seed8mer_count	SeedNonCanonical_count	None_count	Seed6mer_pct	Seed7mer_pct	Seed8mer_pct	SeedNonCanonical_pct	None_pct
Manakov2022	239876	316964	73465	483885	317466	16.75514229675285	22.13967601155585	5.131470129695961	33.7989712612527	22.174740300742638
Hejret2023	607	632	147	1915	1278	13.256169469316445	13.802140205284996	3.210307927495086	41.82135837519109	27.91002402271238
Klimentova2022	58	120	25	140	134	12.159329140461216	25.157232704402517	5.2410901467505235	29.350104821802937	28.09224318658281
