Dataset	none_count	SeedNonCanonical_count	Seed6mer_count	Seed7mer_count	Seed8mer_count	none_pct	SeedNonCanonical_pct	Seed6mer_pct	Seed7mer_pct	Seed8mer_pct
Manakov2022	317480	483892	239879	316970	73468	22.175207045664248	33.79868113815221	16.75496563848713	22.139584784125603	5.13156139357081
Hejret2023	1279	1917	607	632	148	27.907484180667687	41.82849661793585	13.244599607244162	13.790093825005457	3.2293257691468473
Klimentova2022	134	140	58	120	25	28.09224318658281	29.350104821802937	12.159329140461216	25.157232704402517	5.2410901467505235
