Dataset	Seed6mer_count	Seed7mer_count	Seed8mer_count	SeedNonCanonical_count	None_count	Seed6mer_pct	Seed7mer_pct	Seed8mer_pct	SeedNonCanonical_pct	None_pct
Manakov22	239879	316970	73468	483892	317480	16.75496563848713	22.139584784125603	5.13156139357081	33.79868113815221	22.175207045664248
Hejret23	607	632	147	1915	1278	13.256169469316445	13.802140205284996	3.210307927495086	41.82135837519109	27.91002402271238
Klimentova22	58	120	25	140	134	12.159329140461216	25.157232704402517	5.2410901467505235	29.350104821802937	28.09224318658281
