Dataset	SeedNonCanonical	Seed6mer	Seed7mer	Seed8mer
Manakov2022	33.79868113815221	16.75496563848713	22.139584784125603	5.13156139357081
Hejret2023	41.82849661793585	13.244599607244162	13.790093825005457	3.2293257691468473
Klimentova2022	29.350104821802937	12.159329140461216	25.157232704402517	5.2410901467505235
