cutoff	file	n_sequences	n_clusters	mean_cluster_size	median_cluster_size	min_cluster_size	max_cluster_size	n_singletons	singleton_fraction	largest_cluster_fraction
0.01	clusters_cutoff_0p01.csv	474	439	1.0797266514806378	1.0	1	4	410	0.9339407744874715	0.008438818565400843
0.02	clusters_cutoff_0p02.csv	474	439	1.0797266514806378	1.0	1	4	410	0.9339407744874715	0.008438818565400843
0.05	clusters_cutoff_0p05.csv	474	435	1.089655172413793	1.0	1	4	402	0.9241379310344827	0.008438818565400843
0.1	clusters_cutoff_0p1.csv	474	430	1.1023255813953488	1.0	1	4	394	0.9162790697674419	0.008438818565400843
0.15	clusters_cutoff_0p15.csv	474	421	1.1258907363420427	1.0	1	4	378	0.8978622327790974	0.008438818565400843
0.2	clusters_cutoff_0p2.csv	474	407	1.1646191646191646	1.0	1	5	359	0.8820638820638821	0.010548523206751054
0.25	clusters_cutoff_0p25.csv	474	390	1.2153846153846153	1.0	1	8	337	0.8641025641025641	0.016877637130801686
0.3	clusters_cutoff_0p3.csv	474	362	1.3093922651933703	1.0	1	18	303	0.8370165745856354	0.0379746835443038
