n_rows	n_unique_clusters_total	n_blocks	mean_block_size	median_block_size	mean_positive_clusters_per_block	median_positive_clusters_per_block	mean_allowed_clusters_per_block	median_allowed_clusters_per_block	mean_available_negative_clusters	median_available_negative_clusters	min_available_negative_clusters	mean_slack	median_slack	min_slack	n_failing_blocks	failure_fraction	cutoff	file
477	439	78	6.115384615384615	2.0	5.82051282051282	2.0	433.1794871794872	437.0	433.1794871794872	437.0	318	427.06410256410254	435.0	182	0	0.0	0.01	clusters_cutoff_0p01.csv
477	439	78	6.115384615384615	2.0	5.82051282051282	2.0	433.1794871794872	437.0	433.1794871794872	437.0	318	427.06410256410254	435.0	182	0	0.0	0.02	clusters_cutoff_0p02.csv
477	435	78	6.115384615384615	2.0	5.782051282051282	2.0	429.21794871794873	433.0	429.21794871794873	433.0	314	423.1025641025641	431.0	178	0	0.0	0.05	clusters_cutoff_0p05.csv
477	430	78	6.115384615384615	2.0	5.756410256410256	2.0	424.2435897435897	428.0	424.2435897435897	428.0	310	418.12820512820514	426.0	174	0	0.0	0.1	clusters_cutoff_0p1.csv
477	421	78	6.115384615384615	2.0	5.666666666666667	2.0	415.3333333333333	419.0	415.3333333333333	419.0	302	409.21794871794873	417.0	166	0	0.0	0.15	clusters_cutoff_0p15.csv
477	407	78	6.115384615384615	2.0	5.5256410256410255	2.0	401.47435897435895	405.0	401.47435897435895	405.0	295	395.35897435897436	403.0	159	0	0.0	0.2	clusters_cutoff_0p2.csv
477	390	78	6.115384615384615	2.0	5.358974358974359	2.0	384.64102564102564	388.0	384.64102564102564	388.0	281	378.52564102564105	386.0	145	0	0.0	0.25	clusters_cutoff_0p25.csv
477	362	78	6.115384615384615	2.0	5.115384615384615	2.0	356.88461538461536	360.0	356.88461538461536	360.0	258	350.7692307692308	358.0	122	0	0.0	0.3	clusters_cutoff_0p3.csv
